notebook,cell_zero_based,output_index,execution_count,output_type,mime_types,provenance
medsam_odir_single_image_experiment.ipynb,0,0,1,stream,,PRESERVED
medsam_odir_single_image_experiment.ipynb,0,1,1,display_data,text/plain;image/png,PRESERVED
medsam_odir_single_image_experiment.ipynb,1,0,2,stream,,PRESERVED
medsam_odir_single_image_experiment.ipynb,2,0,3,stream,,PRESERVED
medsam_odir_single_image_experiment.ipynb,3,0,4,stream,,PRESERVED
medsam_odir_single_image_experiment.ipynb,4,0,5,stream,,PRESERVED
medsam_odir_single_image_experiment.ipynb,5,0,6,stream,,PRESERVED
medsam_odir_single_image_experiment.ipynb,6,0,7,stream,,PRESERVED
medsam_odir_single_image_experiment.ipynb,7,0,8,stream,,PRESERVED
medsam_odir_single_image_experiment.ipynb,8,0,9,stream,,PRESERVED
medsam_odir_single_image_experiment.ipynb,9,0,10,display_data,text/plain;image/png,PRESERVED
medsam_odir_single_image_experiment.ipynb,10,0,11,stream,,PRESERVED
medsam_odir_single_image_experiment.ipynb,11,0,12,stream,,PRESERVED
medsam_odir_single_image_experiment.ipynb,12,0,13,stream,,PRESERVED
medsam_odir_single_image_experiment.ipynb,13,0,14,stream,,PRESERVED
medsam_odir_single_image_experiment.ipynb,14,0,15,display_data,text/plain;image/png,PRESERVED
medsam_odir_single_image_experiment.ipynb,15,0,16,display_data,text/plain;image/png,PRESERVED
medsam_odir_single_image_experiment.ipynb,15,1,16,stream,,PRESERVED
medsam_odir_single_image_experiment.ipynb,16,0,17,stream,,PRESERVED
medsam_odir_single_image_experiment.ipynb,17,0,18,stream,,PRESERVED
medsam_odir_single_image_experiment.ipynb,19,0,20,stream,,PRESERVED
medsam_odir_single_image_experiment.ipynb,21,0,22,stream,,PRESERVED
medsam_odir_single_image_experiment.ipynb,22,0,23,stream,,PRESERVED
medsam_odir_single_image_experiment.ipynb,23,0,24,stream,,PRESERVED
medsam_odir_single_image_experiment.ipynb,23,1,24,display_data,text/plain;text/html,PRESERVED
medsam_odir_single_image_experiment.ipynb,24,0,25,display_data,text/plain;text/html,PRESERVED
medsam_odir_single_image_experiment.ipynb,25,0,26,stream,,PRESERVED
medsam_odir_single_image_experiment.ipynb,25,1,26,display_data,text/plain;text/html,PRESERVED
medsam_odir_single_image_experiment.ipynb,25,2,26,stream,,PRESERVED
medsam_odir_single_image_experiment.ipynb,25,3,26,display_data,text/plain;text/html,PRESERVED
medsam_odir_single_image_experiment.ipynb,25,4,26,stream,,PRESERVED
medsam_odir_single_image_experiment.ipynb,25,5,26,display_data,text/plain;text/html,PRESERVED
medsam_odir_single_image_experiment.ipynb,25,6,26,stream,,PRESERVED
medsam_odir_single_image_experiment.ipynb,26,0,27,stream,,PRESERVED
medsam_odir_single_image_experiment.ipynb,26,1,27,display_data,text/plain;text/html,PRESERVED
medsam_odir_single_image_experiment.ipynb,27,0,28,stream,,PRESERVED
medsam_odir_single_image_experiment.ipynb,27,1,28,display_data,text/plain;text/html,PRESERVED
medsam_odir_single_image_experiment.ipynb,27,2,28,stream,,PRESERVED
medsam_odir_single_image_experiment.ipynb,28,0,29,stream,,PRESERVED
medsam_odir_single_image_experiment.ipynb,28,1,29,display_data,text/plain;text/html,PRESERVED
medsam_odir_single_image_experiment.ipynb,28,2,29,stream,,PRESERVED
medsam_odir_single_image_experiment.ipynb,29,0,30,display_data,text/plain;image/png,PRESERVED
medsam_odir_single_image_experiment.ipynb,30,0,31,stream,,PRESERVED
medsam_odir_single_image_experiment.ipynb,30,1,31,display_data,text/plain;text/html,PRESERVED
medsam_odir_single_image_experiment.ipynb,30,2,31,stream,,PRESERVED
medsam_odir_single_image_experiment.ipynb,30,3,31,display_data,text/plain;text/html,PRESERVED
medsam_odir_single_image_experiment.ipynb,30,4,31,stream,,PRESERVED
medsam_odir_single_image_experiment.ipynb,30,5,31,display_data,text/plain;text/html,PRESERVED
medsam_odir_single_image_experiment.ipynb,31,0,32,stream,,PRESERVED
medsam_odir_single_image_experiment.ipynb,31,1,32,display_data,text/plain;text/html,PRESERVED
medsam_odir_single_image_experiment.ipynb,31,2,32,stream,,PRESERVED
medsam_odir_single_image_experiment.ipynb,31,3,32,display_data,text/plain;text/html,PRESERVED
medsam_odir_single_image_experiment.ipynb,31,4,32,stream,,PRESERVED
medsam_odir_single_image_experiment.ipynb,32,0,33,display_data,text/plain;text/html,PRESERVED
medsam_odir_single_image_experiment.ipynb,33,0,34,display_data,text/plain;text/html,PRESERVED
medsam_odir_single_image_experiment.ipynb,34,0,35,stream,,PRESERVED
medsam_odir_single_image_experiment.ipynb,34,1,35,display_data,text/plain;text/html,PRESERVED
medsam_odir_single_image_experiment.ipynb,35,0,36,stream,,PRESERVED
medsam_odir_single_image_experiment.ipynb,35,1,36,display_data,text/plain;text/html,PRESERVED
medsam_odir_single_image_experiment.ipynb,36,0,37,stream,,PRESERVED
medsam_odir_single_image_experiment.ipynb,36,1,37,display_data,text/plain;text/html,PRESERVED
medsam_odir_single_image_experiment.ipynb,36,2,37,stream,,PRESERVED
medsam_odir_single_image_experiment.ipynb,37,0,38,stream,,PRESERVED
medsam_odir_single_image_experiment.ipynb,37,1,38,display_data,text/plain;text/html,PRESERVED
medsam_odir_single_image_experiment.ipynb,37,2,38,stream,,PRESERVED
medsam_odir_single_image_experiment.ipynb,38,0,39,stream,,PRESERVED
medsam_odir_single_image_experiment.ipynb,38,1,39,display_data,text/plain;text/html,PRESERVED
medsam_odir_single_image_experiment.ipynb,38,2,39,stream,,PRESERVED
medsam_odir_single_image_experiment.ipynb,38,3,39,display_data,text/plain;text/html,PRESERVED
medsam_odir_single_image_experiment.ipynb,38,4,39,stream,,PRESERVED
medsam_odir_single_image_experiment.ipynb,38,5,39,display_data,text/plain;text/html,PRESERVED
medsam_odir_single_image_experiment.ipynb,39,0,40,stream,,PRESERVED
medsam_odir_single_image_experiment.ipynb,39,1,40,display_data,text/plain;text/html,PRESERVED
medsam_odir_single_image_experiment.ipynb,39,2,40,stream,,PRESERVED
medsam_odir_single_image_experiment.ipynb,39,3,40,display_data,text/plain;text/html,PRESERVED
medsam_odir_single_image_experiment.ipynb,39,4,40,stream,,PRESERVED
medsam_odir_single_image_experiment.ipynb,40,0,41,display_data,text/plain;text/html,PRESERVED
medsam_odir_single_image_experiment.ipynb,41,0,42,display_data,text/plain;text/html,PRESERVED
medsam_odir_single_image_experiment.ipynb,42,0,43,stream,,PRESERVED
medsam_odir_single_image_experiment.ipynb,42,1,43,display_data,text/plain;text/html,PRESERVED
medsam_odir_single_image_experiment.ipynb,42,2,43,stream,,PRESERVED
medsam_odir_single_image_experiment.ipynb,42,3,43,display_data,text/plain;text/html,PRESERVED
medsam_odir_single_image_experiment.ipynb,42,4,43,stream,,PRESERVED
medsam_odir_single_image_experiment.ipynb,42,5,43,display_data,text/plain;text/html,PRESERVED
medsam_odir_single_image_experiment.ipynb,42,6,43,stream,,PRESERVED
medsam_odir_single_image_experiment.ipynb,43,0,44,stream,,PRESERVED
medsam_odir_single_image_experiment.ipynb,43,1,44,display_data,text/plain;image/png,PRESERVED
medsam_odir_single_image_experiment.ipynb,43,2,44,stream,,PRESERVED
medsam_odir_single_image_experiment.ipynb,43,3,44,display_data,text/plain;text/html,PRESERVED
medsam_odir_single_image_experiment.ipynb,43,4,44,display_data,text/plain;image/png,PRESERVED
medsam_odir_single_image_experiment.ipynb,43,5,44,stream,,PRESERVED
medsam_odir_single_image_experiment.ipynb,44,0,45,stream,,PRESERVED
medsam_odir_single_image_experiment.ipynb,44,1,45,display_data,text/plain;image/png,PRESERVED
medsam_odir_single_image_experiment.ipynb,44,2,45,stream,,PRESERVED
medsam_odir_single_image_experiment.ipynb,44,3,45,display_data,text/plain;text/html,PRESERVED
medsam_odir_single_image_experiment.ipynb,44,4,45,stream,,PRESERVED
medsam_odir_single_image_experiment.ipynb,44,5,45,display_data,text/plain;text/html,PRESERVED
medsam_odir_single_image_experiment.ipynb,44,6,45,display_data,text/plain;image/png,PRESERVED
medsam_odir_single_image_experiment.ipynb,44,7,45,stream,,PRESERVED
medsam_odir_single_image_experiment.ipynb,45,0,49,stream,,PRESERVED
medsam_odir_single_image_experiment.ipynb,45,1,49,display_data,text/plain;text/html,PRESERVED
medsam_odir_single_image_experiment.ipynb,45,2,49,stream,,PRESERVED
vlm_odir_single_image_experiment.ipynb,0,0,1,stream,,PRESERVED
vlm_odir_single_image_experiment.ipynb,0,1,1,stream,,PRESERVED
vlm_odir_single_image_experiment.ipynb,0,2,1,stream,,PRESERVED
vlm_odir_single_image_experiment.ipynb,1,0,2,stream,,PRESERVED
vlm_odir_single_image_experiment.ipynb,2,0,3,stream,,PRESERVED
vlm_odir_single_image_experiment.ipynb,3,0,4,stream,,PRESERVED
vlm_odir_single_image_experiment.ipynb,3,1,4,display_data,application/vnd.jupyter.widget-view+json;text/plain,PRESERVED
vlm_odir_single_image_experiment.ipynb,3,2,4,stream,,PRESERVED
vlm_odir_single_image_experiment.ipynb,4,0,5,display_data,image/png;text/plain,PRESERVED
vlm_odir_single_image_experiment.ipynb,4,1,5,stream,,PRESERVED
vlm_odir_single_image_experiment.ipynb,4,2,5,stream,,PRESERVED
vlm_odir_single_image_experiment.ipynb,5,0,6,stream,,PRESERVED
vlm_odir_single_image_experiment.ipynb,6,0,7,display_data,text/html;text/plain,PRESERVED
vlm_odir_single_image_experiment.ipynb,6,1,7,stream,,PRESERVED
vlm_odir_single_image_experiment.ipynb,6,2,7,display_data,text/html;text/plain,PRESERVED
vlm_odir_single_image_experiment.ipynb,7,0,8,display_data,image/png;text/plain,PRESERVED
vlm_odir_single_image_experiment.ipynb,7,1,8,stream,,PRESERVED
vlm_odir_single_image_experiment.ipynb,8,0,9,stream,,PRESERVED
vlm_odir_single_image_experiment.ipynb,8,1,9,display_data,image/png;text/plain,PRESERVED
vlm_odir_single_image_experiment.ipynb,9,0,10,stream,,PRESERVED
vlm_odir_single_image_experiment.ipynb,9,1,10,display_data,text/html;text/plain,PRESERVED
vlm_odir_single_image_experiment.ipynb,9,2,10,stream,,PRESERVED
vlm_odir_single_image_experiment.ipynb,9,3,10,display_data,text/html;text/plain,PRESERVED
vlm_odir_single_image_experiment.ipynb,10,0,11,stream,,PRESERVED
vlm_odir_single_image_experiment.ipynb,10,1,11,stream,,PRESERVED
vlm_odir_single_image_experiment.ipynb,10,2,11,display_data,application/vnd.jupyter.widget-view+json;text/plain,PRESERVED
vlm_odir_single_image_experiment.ipynb,10,3,11,display_data,application/vnd.jupyter.widget-view+json;text/plain,PRESERVED
vlm_odir_single_image_experiment.ipynb,10,4,11,display_data,application/vnd.jupyter.widget-view+json;text/plain,PRESERVED
vlm_odir_single_image_experiment.ipynb,10,5,11,display_data,application/vnd.jupyter.widget-view+json;text/plain,PRESERVED
vlm_odir_single_image_experiment.ipynb,10,6,11,stream,,PRESERVED
vlm_odir_single_image_experiment.ipynb,11,0,12,stream,,PRESERVED
vlm_odir_single_image_experiment.ipynb,11,1,12,display_data,text/html;text/plain,PRESERVED
vlm_odir_single_image_experiment.ipynb,11,2,12,stream,,PRESERVED
vlm_odir_single_image_experiment.ipynb,12,0,13,stream,,PRESERVED
vlm_odir_single_image_experiment.ipynb,12,1,13,display_data,text/html;text/plain,PRESERVED
vlm_odir_single_image_experiment.ipynb,12,2,13,stream,,PRESERVED
vlm_odir_single_image_experiment.ipynb,12,3,13,display_data,text/html;text/plain,PRESERVED
vlm_odir_single_image_experiment.ipynb,13,0,14,stream,,PRESERVED
vlm_odir_single_image_experiment.ipynb,13,1,14,display_data,text/html;text/plain,PRESERVED
vlm_odir_single_image_experiment.ipynb,13,2,14,stream,,PRESERVED
vlm_odir_single_image_experiment.ipynb,14,0,15,stream,,PRESERVED
vlm_odir_single_image_experiment.ipynb,14,1,15,display_data,text/html;text/plain,PRESERVED
vlm_odir_single_image_experiment.ipynb,14,2,15,stream,,PRESERVED
vlm_odir_single_image_experiment.ipynb,15,0,16,display_data,image/png;text/plain,PRESERVED
vlm_odir_single_image_experiment.ipynb,16,0,17,stream,,PRESERVED
vlm_odir_single_image_experiment.ipynb,16,1,17,display_data,text/html;text/plain,PRESERVED
vlm_odir_single_image_experiment.ipynb,16,2,17,stream,,PRESERVED
vlm_odir_single_image_experiment.ipynb,17,0,18,stream,,PRESERVED
vlm_odir_single_image_experiment.ipynb,17,1,18,display_data,text/html;text/plain,PRESERVED
vlm_odir_single_image_experiment.ipynb,17,2,18,stream,,PRESERVED
vlm_odir_single_image_experiment.ipynb,17,3,18,display_data,text/html;text/plain,PRESERVED
vlm_odir_single_image_experiment.ipynb,17,4,18,stream,,PRESERVED
vlm_odir_single_image_experiment.ipynb,17,5,18,display_data,text/html;text/plain,PRESERVED
vlm_odir_single_image_experiment.ipynb,18,0,19,stream,,PRESERVED
vlm_odir_single_image_experiment.ipynb,18,1,19,display_data,text/html;text/plain,PRESERVED
vlm_odir_single_image_experiment.ipynb,19,0,20,stream,,PRESERVED
vlm_odir_single_image_experiment.ipynb,19,1,20,display_data,text/html;text/plain,PRESERVED
vlm_odir_single_image_experiment.ipynb,20,0,21,stream,,PRESERVED
vlm_odir_single_image_experiment.ipynb,20,1,21,display_data,text/html;text/plain,PRESERVED
vlm_odir_single_image_experiment.ipynb,21,0,22,stream,,PRESERVED
vlm_odir_single_image_experiment.ipynb,21,1,22,display_data,text/html;text/plain,PRESERVED
vlm_odir_single_image_experiment.ipynb,21,2,22,stream,,PRESERVED
vlm_odir_single_image_experiment.ipynb,22,0,23,stream,,PRESERVED
vlm_odir_single_image_experiment.ipynb,22,1,23,display_data,text/html;text/plain,PRESERVED
vlm_odir_single_image_experiment.ipynb,22,2,23,stream,,PRESERVED
vlm_odir_single_image_experiment.ipynb,23,0,24,stream,,PRESERVED
vlm_odir_single_image_experiment.ipynb,23,1,24,display_data,text/html;text/plain,PRESERVED
vlm_odir_single_image_experiment.ipynb,24,0,25,stream,,PRESERVED
vlm_odir_single_image_experiment.ipynb,24,1,25,display_data,text/html;text/plain,PRESERVED
vlm_odir_single_image_experiment.ipynb,25,0,26,stream,,PRESERVED
vlm_odir_single_image_experiment.ipynb,25,1,26,display_data,text/html;text/plain,PRESERVED
vlm_odir_single_image_experiment.ipynb,25,2,26,stream,,PRESERVED
vlm_odir_single_image_experiment.ipynb,25,3,26,display_data,text/html;text/plain,PRESERVED
vlm_odir_single_image_experiment.ipynb,25,4,26,stream,,PRESERVED
vlm_odir_single_image_experiment.ipynb,26,0,27,stream,,PRESERVED
vlm_odir_single_image_experiment.ipynb,26,1,27,display_data,application/vnd.jupyter.widget-view+json;text/plain,PRESERVED
vlm_odir_single_image_experiment.ipynb,26,2,27,stream,,PRESERVED
vlm_odir_single_image_experiment.ipynb,27,0,28,stream,,PRESERVED
vlm_odir_single_image_experiment.ipynb,27,1,28,display_data,text/html;text/plain,PRESERVED
vlm_odir_single_image_experiment.ipynb,27,2,28,stream,,PRESERVED
