path,action_vs_83a1046
.env.example,KEEP
.github/ISSUE_TEMPLATE/bug_report.yml,KEEP
.github/ISSUE_TEMPLATE/feature_request.yml,KEEP
.github/PULL_REQUEST_TEMPLATE.md,KEEP
.github/workflows/ci.yml,KEEP
.github/workflows/docs.yml,KEEP
.gitignore,KEEP
CHANGELOG.md,KEEP
CITATION.cff,KEEP
CODE_OF_CONDUCT.md,KEEP
CONTRIBUTING.md,KEEP
FINAL_REPOSITORY_STATUS.md,ADD
LICENSE,KEEP
MANUSCRIPT_CODE_TRACEABILITY.md,MODIFY
README.md,MODIFY
RELEASE_CHECKLIST.md,MODIFY
REPOSITORY_CHANGELOG.md,MODIFY
SECURITY.md,KEEP
SUBMISSION_READINESS_REPORT.md,MODIFY
SUPPORT.md,KEEP
configs/legacy/medsam_odir_single_image.yaml,KEEP
configs/legacy/pre_audit_default_UNVERIFIED.yaml,KEEP
configs/legacy/vlm_odir_single_image.yaml,KEEP
configs/paper.yaml,KEEP
data/README.md,KEEP
data/manifests/README.md,KEEP
docs/audits/changed-files.csv,MODIFY
docs/audits/cross_table_exact_value_matches.csv,ADD
docs/audits/current_test_environment.json,MODIFY
docs/audits/file-audit.csv,MODIFY
docs/audits/final-scientific-audit.md,ADD
docs/audits/github-readiness.md,OMIT
docs/audits/manuscript-review.md,MODIFY
docs/audits/migration-map.md,MODIFY
docs/audits/preservation_manifest.csv,ADD
docs/audits/repository-rationale.md,OMIT
docs/audits/repository-tree.md,KEEP
docs/audits/reproducibility-audit.md,OMIT
docs/audits/scientific-consistency-audit.md,OMIT
docs/audits/table4_value_traceability.csv,ADD
docs/audits/table6_variance_sd_audit.csv,ADD
docs/audits/validation.md,MODIFY
docs/datasets.md,MODIFY
docs/index.md,MODIFY
docs/methodology.md,MODIFY
docs/reproducibility.md,MODIFY
docs/responsible_ai.md,MODIFY
docs/scientific_provenance.md,ADD
figures/README.md,MODIFY
figures/framework/README.md,MODIFY
figures/framework/conceptsmile-framework.png,OMIT
figures/results/README.md,KEEP
mkdocs.yml,MODIFY
notebooks/README.md,MODIFY
notebooks/legacy/README.md,MODIFY
notebooks/legacy/medsam_odir_single_image_experiment.ipynb,MODIFY
notebooks/legacy/vlm_odir_single_image_experiment.ipynb,MODIFY
paper/README.md,KEEP
pyproject.toml,KEEP
requirements-dev.txt,KEEP
requirements-models.txt,KEEP
requirements.txt,KEEP
results/README.md,MODIFY
results/attribution/README.md,MODIFY
results/consistency/README.md,MODIFY
results/faithfulness/README.md,MODIFY
results/fidelity/README.md,KEEP
results/manuscript_transcribed/README.md,KEEP
results/manuscript_transcribed/table2_manuscript_transcribed.csv,KEEP
results/manuscript_transcribed/table3_manuscript_transcribed.csv,KEEP
results/manuscript_transcribed/table4_manuscript_transcribed.csv,KEEP
results/manuscript_transcribed/table5_manuscript_transcribed.csv,KEEP
results/manuscript_transcribed/table6_manuscript_transcribed.csv,KEEP
results/manuscript_transcribed/table7_manuscript_transcribed.csv,KEEP
results/preserved/notebook_output_index.csv,KEEP
results/robustness/README.md,MODIFY
results/stability/README.md,MODIFY
results/surrogate_selection/pre_audit_table2_UNVERIFIED.md,OMIT
scripts/audit_manuscript_tables.py,ADD
scripts/synthetic_smoke_test.py,KEEP
scripts/validate_config.py,KEEP
src/conceptsmile/__init__.py,KEEP
src/conceptsmile/__main__.py,KEEP
src/conceptsmile/concepts/__init__.py,KEEP
src/conceptsmile/concepts/medsam.py,KEEP
src/conceptsmile/concepts/vlm.py,KEEP
src/conceptsmile/embeddings/__init__.py,KEEP
src/conceptsmile/embeddings/dinov2.py,KEEP
src/conceptsmile/locality/__init__.py,KEEP
src/conceptsmile/locality/distances.py,MODIFY
src/conceptsmile/metrics/__init__.py,KEEP
src/conceptsmile/metrics/attribution.py,MODIFY
src/conceptsmile/metrics/consistency.py,KEEP
src/conceptsmile/metrics/faithfulness.py,KEEP
src/conceptsmile/metrics/fidelity.py,MODIFY
src/conceptsmile/metrics/stability.py,KEEP
src/conceptsmile/perturbation/__init__.py,KEEP
src/conceptsmile/perturbation/superpixels.py,KEEP
src/conceptsmile/robustness/__init__.py,KEEP
src/conceptsmile/robustness/acquisition.py,KEEP
src/conceptsmile/surrogate/__init__.py,KEEP
src/conceptsmile/surrogate/xgboost_surrogate.py,KEEP
src/conceptsmile/utils/__init__.py,KEEP
src/conceptsmile/utils/random.py,KEEP
tests/test_concepts_and_robustness.py,KEEP
tests/test_locality.py,KEEP
tests/test_metrics.py,KEEP
tests/test_perturbation.py,KEEP
tests/test_validation.py,MODIFY
