pathway,dataset,concept,metric,value,source,provenance,possible_numeric_matches_NOT_PROVENANCE,relevant_code,raw_csv_or_array,computational_regeneration
MedSAM,HRF,Lesion,cosine_r,0.6202,Table 4 p27,MANUSCRIPT-TRANSCRIBED,,M42,NOT AVAILABLE,NOT ESTABLISHED
MedSAM,HRF,Lesion,cosine_Std,0.2007,Table 4 p27,MANUSCRIPT-TRANSCRIBED,,M42,NOT AVAILABLE,NOT ESTABLISHED
MedSAM,HRF,Lesion,cosine_p,0.0041,Table 4 p27,MANUSCRIPT-TRANSCRIBED,medsam_odir_single_image_experiment.ipynb:cell27:output1,M42,NOT AVAILABLE,NOT ESTABLISHED
MedSAM,HRF,Lesion,wasserstein_r,0.6554,Table 4 p27,MANUSCRIPT-TRANSCRIBED,,M42,NOT AVAILABLE,NOT ESTABLISHED
MedSAM,HRF,Lesion,wasserstein_Std,0.1845,Table 4 p27,MANUSCRIPT-TRANSCRIBED,,M42,NOT AVAILABLE,NOT ESTABLISHED
MedSAM,HRF,Lesion,wasserstein_p,0.0023,Table 4 p27,MANUSCRIPT-TRANSCRIBED,medsam_odir_single_image_experiment.ipynb:cell27:output1;medsam_odir_single_image_experiment.ipynb:cell36:output1;vlm_odir_single_image_experiment.ipynb:cell22:output1,M42,NOT AVAILABLE,NOT ESTABLISHED
MedSAM,HRF,Vessel,cosine_r,0.4986,Table 4 p27,MANUSCRIPT-TRANSCRIBED,,M42,NOT AVAILABLE,NOT ESTABLISHED
MedSAM,HRF,Vessel,cosine_Std,0.4196,Table 4 p27,MANUSCRIPT-TRANSCRIBED,,M42,NOT AVAILABLE,NOT ESTABLISHED
MedSAM,HRF,Vessel,cosine_p,0.0876,Table 4 p27,MANUSCRIPT-TRANSCRIBED,,M42,NOT AVAILABLE,NOT ESTABLISHED
MedSAM,HRF,Vessel,wasserstein_r,0.5120,Table 4 p27,MANUSCRIPT-TRANSCRIBED,medsam_odir_single_image_experiment.ipynb:cell13:output0,M42,NOT AVAILABLE,NOT ESTABLISHED
MedSAM,HRF,Vessel,wasserstein_Std,0.4020,Table 4 p27,MANUSCRIPT-TRANSCRIBED,,M42,NOT AVAILABLE,NOT ESTABLISHED
MedSAM,HRF,Vessel,wasserstein_p,0.0760,Table 4 p27,MANUSCRIPT-TRANSCRIBED,,M42,NOT AVAILABLE,NOT ESTABLISHED
MedSAM,HRF,Optic disc,cosine_r,0.3855,Table 4 p27,MANUSCRIPT-TRANSCRIBED,,M42,NOT AVAILABLE,NOT ESTABLISHED
MedSAM,HRF,Optic disc,cosine_Std,0.1075,Table 4 p27,MANUSCRIPT-TRANSCRIBED,,M42,NOT AVAILABLE,NOT ESTABLISHED
MedSAM,HRF,Optic disc,cosine_p,0.0241,Table 4 p27,MANUSCRIPT-TRANSCRIBED,,M42,NOT AVAILABLE,NOT ESTABLISHED
MedSAM,HRF,Optic disc,wasserstein_r,0.4238,Table 4 p27,MANUSCRIPT-TRANSCRIBED,,M42,NOT AVAILABLE,NOT ESTABLISHED
MedSAM,HRF,Optic disc,wasserstein_Std,0.0980,Table 4 p27,MANUSCRIPT-TRANSCRIBED,,M42,NOT AVAILABLE,NOT ESTABLISHED
MedSAM,HRF,Optic disc,wasserstein_p,0.0178,Table 4 p27,MANUSCRIPT-TRANSCRIBED,,M42,NOT AVAILABLE,NOT ESTABLISHED
MedSAM,APTOS,Lesion,cosine_r,0.5401,Table 4 p27,MANUSCRIPT-TRANSCRIBED,,M42,NOT AVAILABLE,NOT ESTABLISHED
MedSAM,APTOS,Lesion,cosine_Std,0.3630,Table 4 p27,MANUSCRIPT-TRANSCRIBED,,M42,NOT AVAILABLE,NOT ESTABLISHED
MedSAM,APTOS,Lesion,cosine_p,0.0010,Table 4 p27,MANUSCRIPT-TRANSCRIBED,medsam_odir_single_image_experiment.ipynb:cell28:output1;vlm_odir_single_image_experiment.ipynb:cell14:output1;vlm_odir_single_image_experiment.ipynb:cell16:output1,M42,NOT AVAILABLE,NOT ESTABLISHED
MedSAM,APTOS,Lesion,wasserstein_r,0.5786,Table 4 p27,MANUSCRIPT-TRANSCRIBED,vlm_odir_single_image_experiment.ipynb:cell18:output1,M42,NOT AVAILABLE,NOT ESTABLISHED
MedSAM,APTOS,Lesion,wasserstein_Std,0.3320,Table 4 p27,MANUSCRIPT-TRANSCRIBED,,M42,NOT AVAILABLE,NOT ESTABLISHED
MedSAM,APTOS,Lesion,wasserstein_p,0.0006,Table 4 p27,MANUSCRIPT-TRANSCRIBED,medsam_odir_single_image_experiment.ipynb:cell27:output1;medsam_odir_single_image_experiment.ipynb:cell36:output1;vlm_odir_single_image_experiment.ipynb:cell22:output1;vlm_odir_single_image_experiment.ipynb:cell25:output1,M42,NOT AVAILABLE,NOT ESTABLISHED
MedSAM,APTOS,Vessel,cosine_r,0.1293,Table 4 p27,MANUSCRIPT-TRANSCRIBED,,M42,NOT AVAILABLE,NOT ESTABLISHED
MedSAM,APTOS,Vessel,cosine_Std,0.4470,Table 4 p27,MANUSCRIPT-TRANSCRIBED,,M42,NOT AVAILABLE,NOT ESTABLISHED
MedSAM,APTOS,Vessel,cosine_p,0.2184,Table 4 p27,MANUSCRIPT-TRANSCRIBED,,M42,NOT AVAILABLE,NOT ESTABLISHED
MedSAM,APTOS,Vessel,wasserstein_r,0.1418,Table 4 p27,MANUSCRIPT-TRANSCRIBED,,M42,NOT AVAILABLE,NOT ESTABLISHED
MedSAM,APTOS,Vessel,wasserstein_Std,0.4380,Table 4 p27,MANUSCRIPT-TRANSCRIBED,,M42,NOT AVAILABLE,NOT ESTABLISHED
MedSAM,APTOS,Vessel,wasserstein_p,0.2030,Table 4 p27,MANUSCRIPT-TRANSCRIBED,,M42,NOT AVAILABLE,NOT ESTABLISHED
MedSAM,APTOS,Optic disc,cosine_r,0.4124,Table 4 p27,MANUSCRIPT-TRANSCRIBED,,M42,NOT AVAILABLE,NOT ESTABLISHED
MedSAM,APTOS,Optic disc,cosine_Std,0.0000,Table 4 p27,MANUSCRIPT-TRANSCRIBED,medsam_odir_single_image_experiment.ipynb:cell27:output1;medsam_odir_single_image_experiment.ipynb:cell31:output1;medsam_odir_single_image_experiment.ipynb:cell31:output3;medsam_odir_single_image_experiment.ipynb:cell36:output1;medsam_odir_single_image_experiment.ipynb:cell39:output1;medsam_odir_single_image_experiment.ipynb:cell39:output3;medsam_odir_single_image_experiment.ipynb:cell42:output1;medsam_odir_single_image_experiment.ipynb:cell42:output3;vlm_odir_single_image_experiment.ipynb:cell25:output1,M42,NOT AVAILABLE,NOT ESTABLISHED
MedSAM,APTOS,Optic disc,cosine_p,0.0864,Table 4 p27,MANUSCRIPT-TRANSCRIBED,,M42,NOT AVAILABLE,NOT ESTABLISHED
MedSAM,APTOS,Optic disc,wasserstein_r,0.4479,Table 4 p27,MANUSCRIPT-TRANSCRIBED,,M42,NOT AVAILABLE,NOT ESTABLISHED
MedSAM,APTOS,Optic disc,wasserstein_Std,0.0000,Table 4 p27,MANUSCRIPT-TRANSCRIBED,medsam_odir_single_image_experiment.ipynb:cell27:output1;medsam_odir_single_image_experiment.ipynb:cell31:output1;medsam_odir_single_image_experiment.ipynb:cell31:output3;medsam_odir_single_image_experiment.ipynb:cell36:output1;medsam_odir_single_image_experiment.ipynb:cell39:output1;medsam_odir_single_image_experiment.ipynb:cell39:output3;medsam_odir_single_image_experiment.ipynb:cell42:output1;medsam_odir_single_image_experiment.ipynb:cell42:output3;vlm_odir_single_image_experiment.ipynb:cell25:output1,M42,NOT AVAILABLE,NOT ESTABLISHED
MedSAM,APTOS,Optic disc,wasserstein_p,0.0690,Table 4 p27,MANUSCRIPT-TRANSCRIBED,,M42,NOT AVAILABLE,NOT ESTABLISHED
MedSAM,ODIR-5K,Lesion,cosine_r,0.4146,Table 4 p27,MANUSCRIPT-TRANSCRIBED,,M42,NOT AVAILABLE,NOT ESTABLISHED
MedSAM,ODIR-5K,Lesion,cosine_Std,0.3552,Table 4 p27,MANUSCRIPT-TRANSCRIBED,,M42,NOT AVAILABLE,NOT ESTABLISHED
MedSAM,ODIR-5K,Lesion,cosine_p,0.1182,Table 4 p27,MANUSCRIPT-TRANSCRIBED,,M42,NOT AVAILABLE,NOT ESTABLISHED
MedSAM,ODIR-5K,Lesion,wasserstein_r,0.4472,Table 4 p27,MANUSCRIPT-TRANSCRIBED,,M42,NOT AVAILABLE,NOT ESTABLISHED
MedSAM,ODIR-5K,Lesion,wasserstein_Std,0.3340,Table 4 p27,MANUSCRIPT-TRANSCRIBED,,M42,NOT AVAILABLE,NOT ESTABLISHED
MedSAM,ODIR-5K,Lesion,wasserstein_p,0.0960,Table 4 p27,MANUSCRIPT-TRANSCRIBED,,M42,NOT AVAILABLE,NOT ESTABLISHED
MedSAM,ODIR-5K,Vessel,cosine_r,0.3959,Table 4 p27,MANUSCRIPT-TRANSCRIBED,,M42,NOT AVAILABLE,NOT ESTABLISHED
MedSAM,ODIR-5K,Vessel,cosine_Std,0.4432,Table 4 p27,MANUSCRIPT-TRANSCRIBED,,M42,NOT AVAILABLE,NOT ESTABLISHED
MedSAM,ODIR-5K,Vessel,cosine_p,0.1804,Table 4 p27,MANUSCRIPT-TRANSCRIBED,,M42,NOT AVAILABLE,NOT ESTABLISHED
MedSAM,ODIR-5K,Vessel,wasserstein_r,0.4028,Table 4 p27,MANUSCRIPT-TRANSCRIBED,,M42,NOT AVAILABLE,NOT ESTABLISHED
MedSAM,ODIR-5K,Vessel,wasserstein_Std,0.4310,Table 4 p27,MANUSCRIPT-TRANSCRIBED,medsam_odir_single_image_experiment.ipynb:cell45:output1,M42,NOT AVAILABLE,NOT ESTABLISHED
MedSAM,ODIR-5K,Vessel,wasserstein_p,0.1710,Table 4 p27,MANUSCRIPT-TRANSCRIBED,,M42,NOT AVAILABLE,NOT ESTABLISHED
MedSAM,ODIR-5K,Optic disc,cosine_r,0.3136,Table 4 p27,MANUSCRIPT-TRANSCRIBED,,M42,NOT AVAILABLE,NOT ESTABLISHED
MedSAM,ODIR-5K,Optic disc,cosine_Std,0.0000,Table 4 p27,MANUSCRIPT-TRANSCRIBED,medsam_odir_single_image_experiment.ipynb:cell27:output1;medsam_odir_single_image_experiment.ipynb:cell31:output1;medsam_odir_single_image_experiment.ipynb:cell31:output3;medsam_odir_single_image_experiment.ipynb:cell36:output1;medsam_odir_single_image_experiment.ipynb:cell39:output1;medsam_odir_single_image_experiment.ipynb:cell39:output3;medsam_odir_single_image_experiment.ipynb:cell42:output1;medsam_odir_single_image_experiment.ipynb:cell42:output3;vlm_odir_single_image_experiment.ipynb:cell25:output1,M42,NOT AVAILABLE,NOT ESTABLISHED
MedSAM,ODIR-5K,Optic disc,cosine_p,0.1239,Table 4 p27,MANUSCRIPT-TRANSCRIBED,vlm_odir_single_image_experiment.ipynb:cell25:output1,M42,NOT AVAILABLE,NOT ESTABLISHED
MedSAM,ODIR-5K,Optic disc,wasserstein_r,0.3524,Table 4 p27,MANUSCRIPT-TRANSCRIBED,,M42,NOT AVAILABLE,NOT ESTABLISHED
MedSAM,ODIR-5K,Optic disc,wasserstein_Std,0.0000,Table 4 p27,MANUSCRIPT-TRANSCRIBED,medsam_odir_single_image_experiment.ipynb:cell27:output1;medsam_odir_single_image_experiment.ipynb:cell31:output1;medsam_odir_single_image_experiment.ipynb:cell31:output3;medsam_odir_single_image_experiment.ipynb:cell36:output1;medsam_odir_single_image_experiment.ipynb:cell39:output1;medsam_odir_single_image_experiment.ipynb:cell39:output3;medsam_odir_single_image_experiment.ipynb:cell42:output1;medsam_odir_single_image_experiment.ipynb:cell42:output3;vlm_odir_single_image_experiment.ipynb:cell25:output1,M42,NOT AVAILABLE,NOT ESTABLISHED
MedSAM,ODIR-5K,Optic disc,wasserstein_p,0.0980,Table 4 p27,MANUSCRIPT-TRANSCRIBED,,M42,NOT AVAILABLE,NOT ESTABLISHED
MedSAM,IDRiD,Lesion,cosine_r,0.4908,Table 4 p27,MANUSCRIPT-TRANSCRIBED,,M42,NOT AVAILABLE,NOT ESTABLISHED
MedSAM,IDRiD,Lesion,cosine_Std,0.3859,Table 4 p27,MANUSCRIPT-TRANSCRIBED,,M42,NOT AVAILABLE,NOT ESTABLISHED
MedSAM,IDRiD,Lesion,cosine_p,0.0802,Table 4 p27,MANUSCRIPT-TRANSCRIBED,,M42,NOT AVAILABLE,NOT ESTABLISHED
MedSAM,IDRiD,Lesion,wasserstein_r,0.5249,Table 4 p27,MANUSCRIPT-TRANSCRIBED,,M42,NOT AVAILABLE,NOT ESTABLISHED
MedSAM,IDRiD,Lesion,wasserstein_Std,0.3600,Table 4 p27,MANUSCRIPT-TRANSCRIBED,,M42,NOT AVAILABLE,NOT ESTABLISHED
MedSAM,IDRiD,Lesion,wasserstein_p,0.0620,Table 4 p27,MANUSCRIPT-TRANSCRIBED,,M42,NOT AVAILABLE,NOT ESTABLISHED
MedSAM,IDRiD,Vessel,cosine_r,0.4136,Table 4 p27,MANUSCRIPT-TRANSCRIBED,,M42,NOT AVAILABLE,NOT ESTABLISHED
MedSAM,IDRiD,Vessel,cosine_Std,0.3956,Table 4 p27,MANUSCRIPT-TRANSCRIBED,,M42,NOT AVAILABLE,NOT ESTABLISHED
MedSAM,IDRiD,Vessel,cosine_p,0.0625,Table 4 p27,MANUSCRIPT-TRANSCRIBED,,M42,NOT AVAILABLE,NOT ESTABLISHED
MedSAM,IDRiD,Vessel,wasserstein_r,0.4245,Table 4 p27,MANUSCRIPT-TRANSCRIBED,,M42,NOT AVAILABLE,NOT ESTABLISHED
MedSAM,IDRiD,Vessel,wasserstein_Std,0.3820,Table 4 p27,MANUSCRIPT-TRANSCRIBED,,M42,NOT AVAILABLE,NOT ESTABLISHED
MedSAM,IDRiD,Vessel,wasserstein_p,0.0555,Table 4 p27,MANUSCRIPT-TRANSCRIBED,,M42,NOT AVAILABLE,NOT ESTABLISHED
MedSAM,IDRiD,Optic disc,cosine_r,0.4914,Table 4 p27,MANUSCRIPT-TRANSCRIBED,,M42,NOT AVAILABLE,NOT ESTABLISHED
MedSAM,IDRiD,Optic disc,cosine_Std,0.0000,Table 4 p27,MANUSCRIPT-TRANSCRIBED,medsam_odir_single_image_experiment.ipynb:cell27:output1;medsam_odir_single_image_experiment.ipynb:cell31:output1;medsam_odir_single_image_experiment.ipynb:cell31:output3;medsam_odir_single_image_experiment.ipynb:cell36:output1;medsam_odir_single_image_experiment.ipynb:cell39:output1;medsam_odir_single_image_experiment.ipynb:cell39:output3;medsam_odir_single_image_experiment.ipynb:cell42:output1;medsam_odir_single_image_experiment.ipynb:cell42:output3;vlm_odir_single_image_experiment.ipynb:cell25:output1,M42,NOT AVAILABLE,NOT ESTABLISHED
MedSAM,IDRiD,Optic disc,cosine_p,0.0528,Table 4 p27,MANUSCRIPT-TRANSCRIBED,,M42,NOT AVAILABLE,NOT ESTABLISHED
MedSAM,IDRiD,Optic disc,wasserstein_r,0.5326,Table 4 p27,MANUSCRIPT-TRANSCRIBED,,M42,NOT AVAILABLE,NOT ESTABLISHED
MedSAM,IDRiD,Optic disc,wasserstein_Std,0.0000,Table 4 p27,MANUSCRIPT-TRANSCRIBED,medsam_odir_single_image_experiment.ipynb:cell27:output1;medsam_odir_single_image_experiment.ipynb:cell31:output1;medsam_odir_single_image_experiment.ipynb:cell31:output3;medsam_odir_single_image_experiment.ipynb:cell36:output1;medsam_odir_single_image_experiment.ipynb:cell39:output1;medsam_odir_single_image_experiment.ipynb:cell39:output3;medsam_odir_single_image_experiment.ipynb:cell42:output1;medsam_odir_single_image_experiment.ipynb:cell42:output3;vlm_odir_single_image_experiment.ipynb:cell25:output1,M42,NOT AVAILABLE,NOT ESTABLISHED
MedSAM,IDRiD,Optic disc,wasserstein_p,0.0378,Table 4 p27,MANUSCRIPT-TRANSCRIBED,medsam_odir_single_image_experiment.ipynb:cell43:output3,M42,NOT AVAILABLE,NOT ESTABLISHED
VLM,HRF,Lesion,cosine_r,0.4455,Table 4 p27,MANUSCRIPT-TRANSCRIBED,,"V17,V25",NOT AVAILABLE,NOT ESTABLISHED
VLM,HRF,Lesion,cosine_Std,0.2319,Table 4 p27,MANUSCRIPT-TRANSCRIBED,,"V17,V25",NOT AVAILABLE,NOT ESTABLISHED
VLM,HRF,Lesion,cosine_p,0.1505,Table 4 p27,MANUSCRIPT-TRANSCRIBED,,"V17,V25",NOT AVAILABLE,NOT ESTABLISHED
VLM,HRF,Lesion,wasserstein_r,0.4318,Table 4 p27,MANUSCRIPT-TRANSCRIBED,,"V17,V25",NOT AVAILABLE,NOT ESTABLISHED
VLM,HRF,Lesion,wasserstein_Std,0.2395,Table 4 p27,MANUSCRIPT-TRANSCRIBED,,"V17,V25",NOT AVAILABLE,NOT ESTABLISHED
VLM,HRF,Lesion,wasserstein_p,0.1650,Table 4 p27,MANUSCRIPT-TRANSCRIBED,,"V17,V25",NOT AVAILABLE,NOT ESTABLISHED
VLM,HRF,Vessel,cosine_r,0.5978,Table 4 p27,MANUSCRIPT-TRANSCRIBED,,"V17,V25",NOT AVAILABLE,NOT ESTABLISHED
VLM,HRF,Vessel,cosine_Std,0.1507,Table 4 p27,MANUSCRIPT-TRANSCRIBED,,"V17,V25",NOT AVAILABLE,NOT ESTABLISHED
VLM,HRF,Vessel,cosine_p,0.0067,Table 4 p27,MANUSCRIPT-TRANSCRIBED,,"V17,V25",NOT AVAILABLE,NOT ESTABLISHED
VLM,HRF,Vessel,wasserstein_r,0.5902,Table 4 p27,MANUSCRIPT-TRANSCRIBED,,"V17,V25",NOT AVAILABLE,NOT ESTABLISHED
VLM,HRF,Vessel,wasserstein_Std,0.1542,Table 4 p27,MANUSCRIPT-TRANSCRIBED,,"V17,V25",NOT AVAILABLE,NOT ESTABLISHED
VLM,HRF,Vessel,wasserstein_p,0.0082,Table 4 p27,MANUSCRIPT-TRANSCRIBED,,"V17,V25",NOT AVAILABLE,NOT ESTABLISHED
VLM,HRF,Optic disc,cosine_r,0.2219,Table 4 p27,MANUSCRIPT-TRANSCRIBED,,"V17,V25",NOT AVAILABLE,NOT ESTABLISHED
VLM,HRF,Optic disc,cosine_Std,0.1736,Table 4 p27,MANUSCRIPT-TRANSCRIBED,,"V17,V25",NOT AVAILABLE,NOT ESTABLISHED
VLM,HRF,Optic disc,cosine_p,0.2197,Table 4 p27,MANUSCRIPT-TRANSCRIBED,,"V17,V25",NOT AVAILABLE,NOT ESTABLISHED
VLM,HRF,Optic disc,wasserstein_r,0.2136,Table 4 p27,MANUSCRIPT-TRANSCRIBED,,"V17,V25",NOT AVAILABLE,NOT ESTABLISHED
VLM,HRF,Optic disc,wasserstein_Std,0.1810,Table 4 p27,MANUSCRIPT-TRANSCRIBED,,"V17,V25",NOT AVAILABLE,NOT ESTABLISHED
VLM,HRF,Optic disc,wasserstein_p,0.2320,Table 4 p27,MANUSCRIPT-TRANSCRIBED,,"V17,V25",NOT AVAILABLE,NOT ESTABLISHED
VLM,APTOS,Lesion,cosine_r,0.2241,Table 4 p27,MANUSCRIPT-TRANSCRIBED,,"V17,V25",NOT AVAILABLE,NOT ESTABLISHED
VLM,APTOS,Lesion,cosine_Std,0.1691,Table 4 p27,MANUSCRIPT-TRANSCRIBED,,"V17,V25",NOT AVAILABLE,NOT ESTABLISHED
VLM,APTOS,Lesion,cosine_p,0.2798,Table 4 p27,MANUSCRIPT-TRANSCRIBED,,"V17,V25",NOT AVAILABLE,NOT ESTABLISHED
VLM,APTOS,Lesion,wasserstein_r,0.2185,Table 4 p27,MANUSCRIPT-TRANSCRIBED,,"V17,V25",NOT AVAILABLE,NOT ESTABLISHED
VLM,APTOS,Lesion,wasserstein_Std,0.1726,Table 4 p27,MANUSCRIPT-TRANSCRIBED,,"V17,V25",NOT AVAILABLE,NOT ESTABLISHED
VLM,APTOS,Lesion,wasserstein_p,0.2920,Table 4 p27,MANUSCRIPT-TRANSCRIBED,,"V17,V25",NOT AVAILABLE,NOT ESTABLISHED
VLM,APTOS,Vessel,cosine_r,0.5794,Table 4 p27,MANUSCRIPT-TRANSCRIBED,,"V17,V25",NOT AVAILABLE,NOT ESTABLISHED
VLM,APTOS,Vessel,cosine_Std,0.1558,Table 4 p27,MANUSCRIPT-TRANSCRIBED,,"V17,V25",NOT AVAILABLE,NOT ESTABLISHED
VLM,APTOS,Vessel,cosine_p,0.0149,Table 4 p27,MANUSCRIPT-TRANSCRIBED,,"V17,V25",NOT AVAILABLE,NOT ESTABLISHED
VLM,APTOS,Vessel,wasserstein_r,0.5711,Table 4 p27,MANUSCRIPT-TRANSCRIBED,,"V17,V25",NOT AVAILABLE,NOT ESTABLISHED
VLM,APTOS,Vessel,wasserstein_Std,0.1605,Table 4 p27,MANUSCRIPT-TRANSCRIBED,,"V17,V25",NOT AVAILABLE,NOT ESTABLISHED
VLM,APTOS,Vessel,wasserstein_p,0.0172,Table 4 p27,MANUSCRIPT-TRANSCRIBED,medsam_odir_single_image_experiment.ipynb:cell36:output1,"V17,V25",NOT AVAILABLE,NOT ESTABLISHED
VLM,APTOS,Optic disc,cosine_r,0.3831,Table 4 p27,MANUSCRIPT-TRANSCRIBED,,"V17,V25",NOT AVAILABLE,NOT ESTABLISHED
VLM,APTOS,Optic disc,cosine_Std,0.2272,Table 4 p27,MANUSCRIPT-TRANSCRIBED,,"V17,V25",NOT AVAILABLE,NOT ESTABLISHED
VLM,APTOS,Optic disc,cosine_p,0.0741,Table 4 p27,MANUSCRIPT-TRANSCRIBED,,"V17,V25",NOT AVAILABLE,NOT ESTABLISHED
VLM,APTOS,Optic disc,wasserstein_r,0.3740,Table 4 p27,MANUSCRIPT-TRANSCRIBED,,"V17,V25",NOT AVAILABLE,NOT ESTABLISHED
VLM,APTOS,Optic disc,wasserstein_Std,0.2350,Table 4 p27,MANUSCRIPT-TRANSCRIBED,medsam_odir_single_image_experiment.ipynb:cell27:output1,"V17,V25",NOT AVAILABLE,NOT ESTABLISHED
VLM,APTOS,Optic disc,wasserstein_p,0.0818,Table 4 p27,MANUSCRIPT-TRANSCRIBED,,"V17,V25",NOT AVAILABLE,NOT ESTABLISHED
VLM,ODIR-5K,Lesion,cosine_r,0.1820,Table 4 p27,MANUSCRIPT-TRANSCRIBED,,"V17,V25",NOT AVAILABLE,NOT ESTABLISHED
VLM,ODIR-5K,Lesion,cosine_Std,0.1584,Table 4 p27,MANUSCRIPT-TRANSCRIBED,,"V17,V25",NOT AVAILABLE,NOT ESTABLISHED
VLM,ODIR-5K,Lesion,cosine_p,0.3872,Table 4 p27,MANUSCRIPT-TRANSCRIBED,,"V17,V25",NOT AVAILABLE,NOT ESTABLISHED
VLM,ODIR-5K,Lesion,wasserstein_r,0.1765,Table 4 p27,MANUSCRIPT-TRANSCRIBED,,"V17,V25",NOT AVAILABLE,NOT ESTABLISHED
VLM,ODIR-5K,Lesion,wasserstein_Std,0.1622,Table 4 p27,MANUSCRIPT-TRANSCRIBED,,"V17,V25",NOT AVAILABLE,NOT ESTABLISHED
VLM,ODIR-5K,Lesion,wasserstein_p,0.3990,Table 4 p27,MANUSCRIPT-TRANSCRIBED,,"V17,V25",NOT AVAILABLE,NOT ESTABLISHED
VLM,ODIR-5K,Vessel,cosine_r,0.5897,Table 4 p27,MANUSCRIPT-TRANSCRIBED,,"V17,V25",NOT AVAILABLE,NOT ESTABLISHED
VLM,ODIR-5K,Vessel,cosine_Std,0.1171,Table 4 p27,MANUSCRIPT-TRANSCRIBED,,"V17,V25",NOT AVAILABLE,NOT ESTABLISHED
VLM,ODIR-5K,Vessel,cosine_p,0.0001,Table 4 p27,MANUSCRIPT-TRANSCRIBED,medsam_odir_single_image_experiment.ipynb:cell27:output1;medsam_odir_single_image_experiment.ipynb:cell36:output1,"V17,V25",NOT AVAILABLE,NOT ESTABLISHED
VLM,ODIR-5K,Vessel,wasserstein_r,0.5826,Table 4 p27,MANUSCRIPT-TRANSCRIBED,,"V17,V25",NOT AVAILABLE,NOT ESTABLISHED
VLM,ODIR-5K,Vessel,wasserstein_Std,0.1224,Table 4 p27,MANUSCRIPT-TRANSCRIBED,,"V17,V25",NOT AVAILABLE,NOT ESTABLISHED
VLM,ODIR-5K,Vessel,wasserstein_p,0.0002,Table 4 p27,MANUSCRIPT-TRANSCRIBED,medsam_odir_single_image_experiment.ipynb:cell27:output1;medsam_odir_single_image_experiment.ipynb:cell36:output1,"V17,V25",NOT AVAILABLE,NOT ESTABLISHED
VLM,ODIR-5K,Optic disc,cosine_r,0.1741,Table 4 p27,MANUSCRIPT-TRANSCRIBED,,"V17,V25",NOT AVAILABLE,NOT ESTABLISHED
VLM,ODIR-5K,Optic disc,cosine_Std,0.2312,Table 4 p27,MANUSCRIPT-TRANSCRIBED,,"V17,V25",NOT AVAILABLE,NOT ESTABLISHED
VLM,ODIR-5K,Optic disc,cosine_p,0.3548,Table 4 p27,MANUSCRIPT-TRANSCRIBED,,"V17,V25",NOT AVAILABLE,NOT ESTABLISHED
VLM,ODIR-5K,Optic disc,wasserstein_r,0.1669,Table 4 p27,MANUSCRIPT-TRANSCRIBED,,"V17,V25",NOT AVAILABLE,NOT ESTABLISHED
VLM,ODIR-5K,Optic disc,wasserstein_Std,0.2380,Table 4 p27,MANUSCRIPT-TRANSCRIBED,,"V17,V25",NOT AVAILABLE,NOT ESTABLISHED
VLM,ODIR-5K,Optic disc,wasserstein_p,0.3700,Table 4 p27,MANUSCRIPT-TRANSCRIBED,,"V17,V25",NOT AVAILABLE,NOT ESTABLISHED
VLM,IDRiD,Lesion,cosine_r,0.2870,Table 4 p27,MANUSCRIPT-TRANSCRIBED,,"V17,V25",NOT AVAILABLE,NOT ESTABLISHED
VLM,IDRiD,Lesion,cosine_Std,0.2796,Table 4 p27,MANUSCRIPT-TRANSCRIBED,,"V17,V25",NOT AVAILABLE,NOT ESTABLISHED
VLM,IDRiD,Lesion,cosine_p,0.2706,Table 4 p27,MANUSCRIPT-TRANSCRIBED,,"V17,V25",NOT AVAILABLE,NOT ESTABLISHED
VLM,IDRiD,Lesion,wasserstein_r,0.2762,Table 4 p27,MANUSCRIPT-TRANSCRIBED,,"V17,V25",NOT AVAILABLE,NOT ESTABLISHED
VLM,IDRiD,Lesion,wasserstein_Std,0.2860,Table 4 p27,MANUSCRIPT-TRANSCRIBED,,"V17,V25",NOT AVAILABLE,NOT ESTABLISHED
VLM,IDRiD,Lesion,wasserstein_p,0.2830,Table 4 p27,MANUSCRIPT-TRANSCRIBED,,"V17,V25",NOT AVAILABLE,NOT ESTABLISHED
VLM,IDRiD,Vessel,cosine_r,0.7133,Table 4 p27,MANUSCRIPT-TRANSCRIBED,,"V17,V25",NOT AVAILABLE,NOT ESTABLISHED
VLM,IDRiD,Vessel,cosine_Std,0.0632,Table 4 p27,MANUSCRIPT-TRANSCRIBED,,"V17,V25",NOT AVAILABLE,NOT ESTABLISHED
VLM,IDRiD,Vessel,cosine_p,0.0000,Table 4 p27,MANUSCRIPT-TRANSCRIBED,medsam_odir_single_image_experiment.ipynb:cell27:output1;medsam_odir_single_image_experiment.ipynb:cell31:output1;medsam_odir_single_image_experiment.ipynb:cell31:output3;medsam_odir_single_image_experiment.ipynb:cell36:output1;medsam_odir_single_image_experiment.ipynb:cell39:output1;medsam_odir_single_image_experiment.ipynb:cell39:output3;medsam_odir_single_image_experiment.ipynb:cell42:output1;medsam_odir_single_image_experiment.ipynb:cell42:output3;vlm_odir_single_image_experiment.ipynb:cell25:output1,"V17,V25",NOT AVAILABLE,NOT ESTABLISHED
VLM,IDRiD,Vessel,wasserstein_r,0.7041,Table 4 p27,MANUSCRIPT-TRANSCRIBED,,"V17,V25",NOT AVAILABLE,NOT ESTABLISHED
VLM,IDRiD,Vessel,wasserstein_Std,0.0680,Table 4 p27,MANUSCRIPT-TRANSCRIBED,,"V17,V25",NOT AVAILABLE,NOT ESTABLISHED
VLM,IDRiD,Vessel,wasserstein_p,0.0000,Table 4 p27,MANUSCRIPT-TRANSCRIBED,medsam_odir_single_image_experiment.ipynb:cell27:output1;medsam_odir_single_image_experiment.ipynb:cell31:output1;medsam_odir_single_image_experiment.ipynb:cell31:output3;medsam_odir_single_image_experiment.ipynb:cell36:output1;medsam_odir_single_image_experiment.ipynb:cell39:output1;medsam_odir_single_image_experiment.ipynb:cell39:output3;medsam_odir_single_image_experiment.ipynb:cell42:output1;medsam_odir_single_image_experiment.ipynb:cell42:output3;vlm_odir_single_image_experiment.ipynb:cell25:output1,"V17,V25",NOT AVAILABLE,NOT ESTABLISHED
VLM,IDRiD,Optic disc,cosine_r,0.3228,Table 4 p27,MANUSCRIPT-TRANSCRIBED,,"V17,V25",NOT AVAILABLE,NOT ESTABLISHED
VLM,IDRiD,Optic disc,cosine_Std,0.1652,Table 4 p27,MANUSCRIPT-TRANSCRIBED,,"V17,V25",NOT AVAILABLE,NOT ESTABLISHED
VLM,IDRiD,Optic disc,cosine_p,0.2114,Table 4 p27,MANUSCRIPT-TRANSCRIBED,,"V17,V25",NOT AVAILABLE,NOT ESTABLISHED
VLM,IDRiD,Optic disc,wasserstein_r,0.3145,Table 4 p27,MANUSCRIPT-TRANSCRIBED,,"V17,V25",NOT AVAILABLE,NOT ESTABLISHED
VLM,IDRiD,Optic disc,wasserstein_Std,0.1710,Table 4 p27,MANUSCRIPT-TRANSCRIBED,,"V17,V25",NOT AVAILABLE,NOT ESTABLISHED
VLM,IDRiD,Optic disc,wasserstein_p,0.2250,Table 4 p27,MANUSCRIPT-TRANSCRIBED,,"V17,V25",NOT AVAILABLE,NOT ESTABLISHED
