pathway,dataset,concept,distance,variance_display,sd_display,variance_scale,sd_scale,variance_scaled,sd_scaled,sqrt_variance_diagnostic_NOT_CORRECTION,sd_squared,status,scale_or_aggregation_ambiguity,source,provenance,original_correction_available
MedSAM,HRF,Lesion,cosine,0.8900,9.4090,1e-4,1e-3,8.900000000000001e-05,0.009409,0.009433981132056605,8.852928100000001e-05,POSSIBLE_COARSER_ROUNDING_NOT_VERIFIED,Aggregation unit unknown; scales printed explicitly,Manuscript Table 6 p31,MANUSCRIPT-TRANSCRIBED inputs; computed arithmetic audit,NOT AVAILABLE; do not replace numbers
MedSAM,HRF,Lesion,wasserstein,0.8900,9.4460,1e-4,1e-3,8.900000000000001e-05,0.009446,0.009433981132056605,8.922691599999999e-05,POSSIBLE_COARSER_ROUNDING_NOT_VERIFIED,Aggregation unit unknown; scales printed explicitly,Manuscript Table 6 p31,MANUSCRIPT-TRANSCRIBED inputs; computed arithmetic audit,NOT AVAILABLE; do not replace numbers
MedSAM,HRF,Vessel,cosine,0.6300,7.9270,1e-4,1e-3,6.3e-05,0.007927,0.007937253933193772,6.2837329e-05,POSSIBLE_COARSER_ROUNDING_NOT_VERIFIED,Aggregation unit unknown; scales printed explicitly,Manuscript Table 6 p31,MANUSCRIPT-TRANSCRIBED inputs; computed arithmetic audit,NOT AVAILABLE; do not replace numbers
MedSAM,HRF,Vessel,wasserstein,0.2400,4.8900,1e-4,1e-3,2.4e-05,0.004889999999999999,0.004898979485566357,2.3912099999999994e-05,POSSIBLE_COARSER_ROUNDING_NOT_VERIFIED,Aggregation unit unknown; scales printed explicitly,Manuscript Table 6 p31,MANUSCRIPT-TRANSCRIBED inputs; computed arithmetic audit,NOT AVAILABLE; do not replace numbers
MedSAM,HRF,Optic disc,cosine,0.1800,4.2420,1e-4,1e-3,1.8e-05,0.004242,0.004242640687119285,1.7994564e-05,POSSIBLE_COARSER_ROUNDING_NOT_VERIFIED,Aggregation unit unknown; scales printed explicitly,Manuscript Table 6 p31,MANUSCRIPT-TRANSCRIBED inputs; computed arithmetic audit,NOT AVAILABLE; do not replace numbers
MedSAM,HRF,Optic disc,wasserstein,0.0700,2.6320,1e-4,1e-3,7.000000000000001e-06,0.0026320000000000002,0.0026457513110645908,6.9274240000000015e-06,POSSIBLE_COARSER_ROUNDING_NOT_VERIFIED,Aggregation unit unknown; scales printed explicitly,Manuscript Table 6 p31,MANUSCRIPT-TRANSCRIBED inputs; computed arithmetic audit,NOT AVAILABLE; do not replace numbers
MedSAM,APTOS,Lesion,cosine,0.0100,0.0010,1e-4,1e-3,1.0000000000000002e-06,1e-06,0.001,1e-12,INCONSISTENT_UNDER_SINGLE_DISTRIBUTION,Aggregation unit unknown; scales printed explicitly,Manuscript Table 6 p31,MANUSCRIPT-TRANSCRIBED inputs; computed arithmetic audit,NOT AVAILABLE; do not replace numbers
MedSAM,APTOS,Lesion,wasserstein,0.0100,0.0010,1e-4,1e-3,1.0000000000000002e-06,1e-06,0.001,1e-12,INCONSISTENT_UNDER_SINGLE_DISTRIBUTION,Aggregation unit unknown; scales printed explicitly,Manuscript Table 6 p31,MANUSCRIPT-TRANSCRIBED inputs; computed arithmetic audit,NOT AVAILABLE; do not replace numbers
MedSAM,APTOS,Vessel,cosine,1.9600,13.9900,1e-4,1e-3,0.000196,0.01399,0.014,0.0001957201,POSSIBLE_COARSER_ROUNDING_NOT_VERIFIED,Aggregation unit unknown; scales printed explicitly,Manuscript Table 6 p31,MANUSCRIPT-TRANSCRIBED inputs; computed arithmetic audit,NOT AVAILABLE; do not replace numbers
MedSAM,APTOS,Vessel,wasserstein,0.2400,4.8800,1e-4,1e-3,2.4e-05,0.00488,0.004898979485566357,2.3814399999999997e-05,POSSIBLE_COARSER_ROUNDING_NOT_VERIFIED,Aggregation unit unknown; scales printed explicitly,Manuscript Table 6 p31,MANUSCRIPT-TRANSCRIBED inputs; computed arithmetic audit,NOT AVAILABLE; do not replace numbers
MedSAM,APTOS,Optic disc,cosine,0.2600,5.0640,1e-4,1e-3,2.6000000000000002e-05,0.005064,0.005099019513592785,2.5644096e-05,POSSIBLE_COARSER_ROUNDING_NOT_VERIFIED,Aggregation unit unknown; scales printed explicitly,Manuscript Table 6 p31,MANUSCRIPT-TRANSCRIBED inputs; computed arithmetic audit,NOT AVAILABLE; do not replace numbers
MedSAM,APTOS,Optic disc,wasserstein,0.5000,7.0590,1e-4,1e-3,5e-05,0.007059,0.007071067811865475,4.9829481e-05,POSSIBLE_COARSER_ROUNDING_NOT_VERIFIED,Aggregation unit unknown; scales printed explicitly,Manuscript Table 6 p31,MANUSCRIPT-TRANSCRIBED inputs; computed arithmetic audit,NOT AVAILABLE; do not replace numbers
MedSAM,ODIR-5K,Lesion,cosine,1.1700,10.8220,1e-4,1e-3,0.000117,0.010822,0.010816653826391968,0.000117115684,POSSIBLE_COARSER_ROUNDING_NOT_VERIFIED,Aggregation unit unknown; scales printed explicitly,Manuscript Table 6 p31,MANUSCRIPT-TRANSCRIBED inputs; computed arithmetic audit,NOT AVAILABLE; do not replace numbers
MedSAM,ODIR-5K,Lesion,wasserstein,0.6200,7.8770,1e-4,1e-3,6.2e-05,0.007877,0.007874007874011811,6.204712900000001e-05,POSSIBLE_COARSER_ROUNDING_NOT_VERIFIED,Aggregation unit unknown; scales printed explicitly,Manuscript Table 6 p31,MANUSCRIPT-TRANSCRIBED inputs; computed arithmetic audit,NOT AVAILABLE; do not replace numbers
MedSAM,ODIR-5K,Vessel,cosine,0.3300,5.7480,1e-4,1e-3,3.3e-05,0.0057480000000000005,0.005744562646538029,3.3039504000000005e-05,POSSIBLE_COARSER_ROUNDING_NOT_VERIFIED,Aggregation unit unknown; scales printed explicitly,Manuscript Table 6 p31,MANUSCRIPT-TRANSCRIBED inputs; computed arithmetic audit,NOT AVAILABLE; do not replace numbers
MedSAM,ODIR-5K,Vessel,wasserstein,0.3000,5.5170,1e-4,1e-3,3e-05,0.005517,0.005477225575051661,3.0437289e-05,POSSIBLE_COARSER_ROUNDING_NOT_VERIFIED,Aggregation unit unknown; scales printed explicitly,Manuscript Table 6 p31,MANUSCRIPT-TRANSCRIBED inputs; computed arithmetic audit,NOT AVAILABLE; do not replace numbers
MedSAM,ODIR-5K,Optic disc,cosine,0.0100,0.0110,1e-4,1e-3,1.0000000000000002e-06,1.1e-05,0.001,1.21e-10,INCONSISTENT_UNDER_SINGLE_DISTRIBUTION,Aggregation unit unknown; scales printed explicitly,Manuscript Table 6 p31,MANUSCRIPT-TRANSCRIBED inputs; computed arithmetic audit,NOT AVAILABLE; do not replace numbers
MedSAM,ODIR-5K,Optic disc,wasserstein,0.0100,0.0120,1e-4,1e-3,1.0000000000000002e-06,1.2e-05,0.001,1.4400000000000002e-10,INCONSISTENT_UNDER_SINGLE_DISTRIBUTION,Aggregation unit unknown; scales printed explicitly,Manuscript Table 6 p31,MANUSCRIPT-TRANSCRIBED inputs; computed arithmetic audit,NOT AVAILABLE; do not replace numbers
MedSAM,IDRiD,Lesion,cosine,0.0900,2.9410,1e-4,1e-3,9e-06,0.002941,0.003,8.649481e-06,POSSIBLE_COARSER_ROUNDING_NOT_VERIFIED,Aggregation unit unknown; scales printed explicitly,Manuscript Table 6 p31,MANUSCRIPT-TRANSCRIBED inputs; computed arithmetic audit,NOT AVAILABLE; do not replace numbers
MedSAM,IDRiD,Lesion,wasserstein,0.0300,1.8540,1e-4,1e-3,3e-06,0.0018540000000000002,0.0017320508075688774,3.4373160000000005e-06,POSSIBLE_COARSER_ROUNDING_NOT_VERIFIED,Aggregation unit unknown; scales printed explicitly,Manuscript Table 6 p31,MANUSCRIPT-TRANSCRIBED inputs; computed arithmetic audit,NOT AVAILABLE; do not replace numbers
MedSAM,IDRiD,Vessel,cosine,0.0800,2.7910,1e-4,1e-3,8.000000000000001e-06,0.002791,0.0028284271247461905,7.789681e-06,POSSIBLE_COARSER_ROUNDING_NOT_VERIFIED,Aggregation unit unknown; scales printed explicitly,Manuscript Table 6 p31,MANUSCRIPT-TRANSCRIBED inputs; computed arithmetic audit,NOT AVAILABLE; do not replace numbers
MedSAM,IDRiD,Vessel,wasserstein,0.9600,9.8000,1e-4,1e-3,9.6e-05,0.009800000000000001,0.009797958971132713,9.604000000000002e-05,POSSIBLE_COARSER_ROUNDING_NOT_VERIFIED,Aggregation unit unknown; scales printed explicitly,Manuscript Table 6 p31,MANUSCRIPT-TRANSCRIBED inputs; computed arithmetic audit,NOT AVAILABLE; do not replace numbers
MedSAM,IDRiD,Optic disc,cosine,3.2100,17.9280,1e-4,1e-3,0.000321,0.017928,0.017916472867168916,0.00032141318399999996,POSSIBLE_COARSER_ROUNDING_NOT_VERIFIED,Aggregation unit unknown; scales printed explicitly,Manuscript Table 6 p31,MANUSCRIPT-TRANSCRIBED inputs; computed arithmetic audit,NOT AVAILABLE; do not replace numbers
MedSAM,IDRiD,Optic disc,wasserstein,0.0600,2.5230,1e-4,1e-3,6e-06,0.002523,0.0024494897427831783,6.3655290000000005e-06,POSSIBLE_COARSER_ROUNDING_NOT_VERIFIED,Aggregation unit unknown; scales printed explicitly,Manuscript Table 6 p31,MANUSCRIPT-TRANSCRIBED inputs; computed arithmetic audit,NOT AVAILABLE; do not replace numbers
VLM,HRF,Lesion,cosine,0.6100,7.8320,1e-4,1e-3,6.1e-05,0.007832,0.0078102496759066544,6.1340224e-05,POSSIBLE_COARSER_ROUNDING_NOT_VERIFIED,Aggregation unit unknown; scales printed explicitly,Manuscript Table 6 p31,MANUSCRIPT-TRANSCRIBED inputs; computed arithmetic audit,NOT AVAILABLE; do not replace numbers
VLM,HRF,Lesion,wasserstein,0.3900,6.2260,1e-4,1e-3,3.9000000000000006e-05,0.006226,0.006244997998398399,3.8763075999999996e-05,POSSIBLE_COARSER_ROUNDING_NOT_VERIFIED,Aggregation unit unknown; scales printed explicitly,Manuscript Table 6 p31,MANUSCRIPT-TRANSCRIBED inputs; computed arithmetic audit,NOT AVAILABLE; do not replace numbers
VLM,HRF,Vessel,cosine,1.4400,11.9850,1e-4,1e-3,0.000144,0.011984999999999999,0.012,0.00014364022499999997,POSSIBLE_COARSER_ROUNDING_NOT_VERIFIED,Aggregation unit unknown; scales printed explicitly,Manuscript Table 6 p31,MANUSCRIPT-TRANSCRIBED inputs; computed arithmetic audit,NOT AVAILABLE; do not replace numbers
VLM,HRF,Vessel,wasserstein,0.9400,9.6850,1e-4,1e-3,9.4e-05,0.009685000000000001,0.009695359714832657,9.379922500000002e-05,POSSIBLE_COARSER_ROUNDING_NOT_VERIFIED,Aggregation unit unknown; scales printed explicitly,Manuscript Table 6 p31,MANUSCRIPT-TRANSCRIBED inputs; computed arithmetic audit,NOT AVAILABLE; do not replace numbers
VLM,HRF,Optic disc,cosine,0.4700,6.8820,1e-4,1e-3,4.7e-05,0.006882,0.006855654600401044,4.7361924000000004e-05,POSSIBLE_COARSER_ROUNDING_NOT_VERIFIED,Aggregation unit unknown; scales printed explicitly,Manuscript Table 6 p31,MANUSCRIPT-TRANSCRIBED inputs; computed arithmetic audit,NOT AVAILABLE; do not replace numbers
VLM,HRF,Optic disc,wasserstein,0.3400,5.8050,1e-4,1e-3,3.4000000000000007e-05,0.005805,0.005830951894845301,3.3698025e-05,POSSIBLE_COARSER_ROUNDING_NOT_VERIFIED,Aggregation unit unknown; scales printed explicitly,Manuscript Table 6 p31,MANUSCRIPT-TRANSCRIBED inputs; computed arithmetic audit,NOT AVAILABLE; do not replace numbers
VLM,APTOS,Lesion,cosine,0.4600,6.7860,1e-4,1e-3,4.600000000000001e-05,0.0067859999999999995,0.006782329983125269,4.6049795999999996e-05,POSSIBLE_COARSER_ROUNDING_NOT_VERIFIED,Aggregation unit unknown; scales printed explicitly,Manuscript Table 6 p31,MANUSCRIPT-TRANSCRIBED inputs; computed arithmetic audit,NOT AVAILABLE; do not replace numbers
VLM,APTOS,Lesion,wasserstein,0.3800,6.1770,1e-4,1e-3,3.8e-05,0.006176999999999999,0.006164414002968977,3.815532899999999e-05,POSSIBLE_COARSER_ROUNDING_NOT_VERIFIED,Aggregation unit unknown; scales printed explicitly,Manuscript Table 6 p31,MANUSCRIPT-TRANSCRIBED inputs; computed arithmetic audit,NOT AVAILABLE; do not replace numbers
VLM,APTOS,Vessel,cosine,0.7100,8.4120,1e-4,1e-3,7.1e-05,0.008412000000000001,0.008426149773176359,7.076174400000002e-05,POSSIBLE_COARSER_ROUNDING_NOT_VERIFIED,Aggregation unit unknown; scales printed explicitly,Manuscript Table 6 p31,MANUSCRIPT-TRANSCRIBED inputs; computed arithmetic audit,NOT AVAILABLE; do not replace numbers
VLM,APTOS,Vessel,wasserstein,0.6400,8.0100,1e-4,1e-3,6.400000000000001e-05,0.00801,0.008,6.41601e-05,POSSIBLE_COARSER_ROUNDING_NOT_VERIFIED,Aggregation unit unknown; scales printed explicitly,Manuscript Table 6 p31,MANUSCRIPT-TRANSCRIBED inputs; computed arithmetic audit,NOT AVAILABLE; do not replace numbers
VLM,APTOS,Optic disc,cosine,0.1600,4.0290,1e-4,1e-3,1.6000000000000003e-05,0.004029,0.004,1.6232840999999997e-05,POSSIBLE_COARSER_ROUNDING_NOT_VERIFIED,Aggregation unit unknown; scales printed explicitly,Manuscript Table 6 p31,MANUSCRIPT-TRANSCRIBED inputs; computed arithmetic audit,NOT AVAILABLE; do not replace numbers
VLM,APTOS,Optic disc,wasserstein,0.1900,4.3190,1e-4,1e-3,1.9e-05,0.004319,0.0043588989435406735,1.8653761e-05,POSSIBLE_COARSER_ROUNDING_NOT_VERIFIED,Aggregation unit unknown; scales printed explicitly,Manuscript Table 6 p31,MANUSCRIPT-TRANSCRIBED inputs; computed arithmetic audit,NOT AVAILABLE; do not replace numbers
VLM,ODIR-5K,Lesion,cosine,0.4100,6.4030,1e-4,1e-3,4.1e-05,0.006403,0.006403124237432849,4.0998408999999995e-05,CONSISTENT_WITH_PRINTED_ROUNDING,Aggregation unit unknown; scales printed explicitly,Manuscript Table 6 p31,MANUSCRIPT-TRANSCRIBED inputs; computed arithmetic audit,NOT AVAILABLE; do not replace numbers
VLM,ODIR-5K,Lesion,wasserstein,0.3600,5.9790,1e-4,1e-3,3.6e-05,0.005979,0.006,3.5748441e-05,POSSIBLE_COARSER_ROUNDING_NOT_VERIFIED,Aggregation unit unknown; scales printed explicitly,Manuscript Table 6 p31,MANUSCRIPT-TRANSCRIBED inputs; computed arithmetic audit,NOT AVAILABLE; do not replace numbers
VLM,ODIR-5K,Vessel,cosine,1.2100,10.9810,1e-4,1e-3,0.000121,0.010981,0.011,0.00012058236099999999,POSSIBLE_COARSER_ROUNDING_NOT_VERIFIED,Aggregation unit unknown; scales printed explicitly,Manuscript Table 6 p31,MANUSCRIPT-TRANSCRIBED inputs; computed arithmetic audit,NOT AVAILABLE; do not replace numbers
VLM,ODIR-5K,Vessel,wasserstein,0.5700,7.5580,1e-4,1e-3,5.6999999999999996e-05,0.007558,0.007549834435270749,5.7123364e-05,POSSIBLE_COARSER_ROUNDING_NOT_VERIFIED,Aggregation unit unknown; scales printed explicitly,Manuscript Table 6 p31,MANUSCRIPT-TRANSCRIBED inputs; computed arithmetic audit,NOT AVAILABLE; do not replace numbers
VLM,ODIR-5K,Optic disc,cosine,3.5900,18.9490,1e-4,1e-3,0.000359,0.018949,0.018947295321496416,0.000359064601,POSSIBLE_COARSER_ROUNDING_NOT_VERIFIED,Aggregation unit unknown; scales printed explicitly,Manuscript Table 6 p31,MANUSCRIPT-TRANSCRIBED inputs; computed arithmetic audit,NOT AVAILABLE; do not replace numbers
VLM,ODIR-5K,Optic disc,wasserstein,2.9800,17.2600,1e-4,1e-3,0.00029800000000000003,0.01726,0.01726267650163207,0.0002979076,POSSIBLE_COARSER_ROUNDING_NOT_VERIFIED,Aggregation unit unknown; scales printed explicitly,Manuscript Table 6 p31,MANUSCRIPT-TRANSCRIBED inputs; computed arithmetic audit,NOT AVAILABLE; do not replace numbers
VLM,IDRiD,Lesion,cosine,0.3600,5.9960,1e-4,1e-3,3.6e-05,0.0059960000000000005,0.006,3.595201600000001e-05,POSSIBLE_COARSER_ROUNDING_NOT_VERIFIED,Aggregation unit unknown; scales printed explicitly,Manuscript Table 6 p31,MANUSCRIPT-TRANSCRIBED inputs; computed arithmetic audit,NOT AVAILABLE; do not replace numbers
VLM,IDRiD,Lesion,wasserstein,0.2800,5.2560,1e-4,1e-3,2.8000000000000003e-05,0.005256,0.0052915026221291815,2.7625536000000004e-05,POSSIBLE_COARSER_ROUNDING_NOT_VERIFIED,Aggregation unit unknown; scales printed explicitly,Manuscript Table 6 p31,MANUSCRIPT-TRANSCRIBED inputs; computed arithmetic audit,NOT AVAILABLE; do not replace numbers
VLM,IDRiD,Vessel,cosine,1.3800,11.7260,1e-4,1e-3,0.000138,0.011726,0.01174734012447073,0.00013749907600000001,POSSIBLE_COARSER_ROUNDING_NOT_VERIFIED,Aggregation unit unknown; scales printed explicitly,Manuscript Table 6 p31,MANUSCRIPT-TRANSCRIBED inputs; computed arithmetic audit,NOT AVAILABLE; do not replace numbers
VLM,IDRiD,Vessel,wasserstein,0.5500,7.3850,1e-4,1e-3,5.500000000000001e-05,0.007385,0.007416198487095664,5.4538225e-05,POSSIBLE_COARSER_ROUNDING_NOT_VERIFIED,Aggregation unit unknown; scales printed explicitly,Manuscript Table 6 p31,MANUSCRIPT-TRANSCRIBED inputs; computed arithmetic audit,NOT AVAILABLE; do not replace numbers
VLM,IDRiD,Optic disc,cosine,1.2600,11.2270,1e-4,1e-3,0.000126,0.011227000000000001,0.011224972160321825,0.00012604552900000003,POSSIBLE_COARSER_ROUNDING_NOT_VERIFIED,Aggregation unit unknown; scales printed explicitly,Manuscript Table 6 p31,MANUSCRIPT-TRANSCRIBED inputs; computed arithmetic audit,NOT AVAILABLE; do not replace numbers
VLM,IDRiD,Optic disc,wasserstein,0.8400,9.1740,1e-4,1e-3,8.4e-05,0.009174,0.00916515138991168,8.416227599999999e-05,POSSIBLE_COARSER_ROUNDING_NOT_VERIFIED,Aggregation unit unknown; scales printed explicitly,Manuscript Table 6 p31,MANUSCRIPT-TRANSCRIBED inputs; computed arithmetic audit,NOT AVAILABLE; do not replace numbers
