pathway,dataset,concept,cosine_ACC,cosine_F1,cosine_AUROC,wasserstein_ACC,wasserstein_F1,wasserstein_AUROC,provenance,source_page,source_pdf_sha256
MedSAM,HRF,Lesion,0.4025,0.1203,0.2159,0.4096,0.1173,0.1820,MANUSCRIPT-TRANSCRIBED,25,c4a9c68fe7ae240530a6db9a3509d4116d94cd59976fec259b6ec71d2d87d992
MedSAM,HRF,Vessel,0.7394,0.7286,0.7131,0.7746,0.7685,0.7545,MANUSCRIPT-TRANSCRIBED,25,c4a9c68fe7ae240530a6db9a3509d4116d94cd59976fec259b6ec71d2d87d992
MedSAM,HRF,Optic disc,0.8300,0.8255,0.7896,0.8088,0.7475,0.6747,MANUSCRIPT-TRANSCRIBED,25,c4a9c68fe7ae240530a6db9a3509d4116d94cd59976fec259b6ec71d2d87d992
MedSAM,APTOS,Lesion,0.6250,0.4195,0.4056,0.5175,0.1910,0.2607,MANUSCRIPT-TRANSCRIBED,25,c4a9c68fe7ae240530a6db9a3509d4116d94cd59976fec259b6ec71d2d87d992
MedSAM,APTOS,Vessel,0.6927,0.6777,0.6214,0.6154,0.5740,0.5850,MANUSCRIPT-TRANSCRIBED,25,c4a9c68fe7ae240530a6db9a3509d4116d94cd59976fec259b6ec71d2d87d992
MedSAM,APTOS,Optic disc,0.5400,0.6230,0.5291,0.4550,0.4633,0.4122,MANUSCRIPT-TRANSCRIBED,25,c4a9c68fe7ae240530a6db9a3509d4116d94cd59976fec259b6ec71d2d87d992
MedSAM,ODIR-5K,Lesion,0.7320,0.4896,0.4137,0.6462,0.4630,0.3730,MANUSCRIPT-TRANSCRIBED,25,c4a9c68fe7ae240530a6db9a3509d4116d94cd59976fec259b6ec71d2d87d992
MedSAM,ODIR-5K,Vessel,0.7225,0.7056,0.6537,0.7205,0.7065,0.6330,MANUSCRIPT-TRANSCRIBED,25,c4a9c68fe7ae240530a6db9a3509d4116d94cd59976fec259b6ec71d2d87d992
MedSAM,ODIR-5K,Optic disc,0.6360,0.7423,0.6304,0.6460,0.7100,0.6310,MANUSCRIPT-TRANSCRIBED,25,c4a9c68fe7ae240530a6db9a3509d4116d94cd59976fec259b6ec71d2d87d992
MedSAM,IDRiD,Lesion,0.4890,0.2139,0.2724,0.5943,0.2524,0.3110,MANUSCRIPT-TRANSCRIBED,25,c4a9c68fe7ae240530a6db9a3509d4116d94cd59976fec259b6ec71d2d87d992
MedSAM,IDRiD,Vessel,0.7781,0.8050,0.7555,0.9240,0.9116,0.9080,MANUSCRIPT-TRANSCRIBED,25,c4a9c68fe7ae240530a6db9a3509d4116d94cd59976fec259b6ec71d2d87d992
MedSAM,IDRiD,Optic disc,0.5333,0.6411,0.4306,0.4220,0.2010,0.2110,MANUSCRIPT-TRANSCRIBED,25,c4a9c68fe7ae240530a6db9a3509d4116d94cd59976fec259b6ec71d2d87d992
VLM,HRF,Lesion,0.5328,0.5414,0.0610,0.4429,0.4437,0.1919,MANUSCRIPT-TRANSCRIBED,25,c4a9c68fe7ae240530a6db9a3509d4116d94cd59976fec259b6ec71d2d87d992
VLM,HRF,Vessel,0.5511,0.5512,0.0777,0.0515,0.0478,0.0267,MANUSCRIPT-TRANSCRIBED,25,c4a9c68fe7ae240530a6db9a3509d4116d94cd59976fec259b6ec71d2d87d992
VLM,HRF,Optic disc,0.7362,0.7343,0.4543,0.7181,0.7073,0.2040,MANUSCRIPT-TRANSCRIBED,25,c4a9c68fe7ae240530a6db9a3509d4116d94cd59976fec259b6ec71d2d87d992
VLM,APTOS,Lesion,0.4762,0.4754,0.4543,0.4791,0.4812,0.0611,MANUSCRIPT-TRANSCRIBED,25,c4a9c68fe7ae240530a6db9a3509d4116d94cd59976fec259b6ec71d2d87d992
VLM,APTOS,Vessel,0.5016,0.5453,0.6632,0.0583,0.0325,0.1232,MANUSCRIPT-TRANSCRIBED,25,c4a9c68fe7ae240530a6db9a3509d4116d94cd59976fec259b6ec71d2d87d992
VLM,APTOS,Optic disc,0.6316,0.6562,0.1115,0.7383,0.7313,0.4501,MANUSCRIPT-TRANSCRIBED,25,c4a9c68fe7ae240530a6db9a3509d4116d94cd59976fec259b6ec71d2d87d992
VLM,ODIR-5K,Lesion,0.5740,0.3663,0.5090,0.5740,0.3663,0.5090,MANUSCRIPT-TRANSCRIBED,25,c4a9c68fe7ae240530a6db9a3509d4116d94cd59976fec259b6ec71d2d87d992
VLM,ODIR-5K,Vessel,0.6460,0.4202,0.5559,0.6461,0.4222,0.5560,MANUSCRIPT-TRANSCRIBED,25,c4a9c68fe7ae240530a6db9a3509d4116d94cd59976fec259b6ec71d2d87d992
VLM,ODIR-5K,Optic disc,0.5720,0.4041,0.5230,0.5720,0.4041,0.5230,MANUSCRIPT-TRANSCRIBED,25,c4a9c68fe7ae240530a6db9a3509d4116d94cd59976fec259b6ec71d2d87d992
VLM,IDRiD,Lesion,0.5500,0.4376,0.5162,0.5860,0.4530,0.5366,MANUSCRIPT-TRANSCRIBED,25,c4a9c68fe7ae240530a6db9a3509d4116d94cd59976fec259b6ec71d2d87d992
VLM,IDRiD,Vessel,0.6100,0.4072,0.5141,0.6000,0.4154,0.5194,MANUSCRIPT-TRANSCRIBED,25,c4a9c68fe7ae240530a6db9a3509d4116d94cd59976fec259b6ec71d2d87d992
VLM,IDRiD,Optic disc,0.5840,0.3846,0.4904,0.6020,0.3784,0.4809,MANUSCRIPT-TRANSCRIBED,25,c4a9c68fe7ae240530a6db9a3509d4116d94cd59976fec259b6ec71d2d87d992
